onset	duration	trial_type	value	gaze_x	gaze_y	pupil_size	sacc_endx	sacc_endy	sacc_amplitude	sacc_peakvel
0.062	0.22	fixation	n/a	228.7	382.1	3569.0	n/a	n/a	n/a	n/a
0.284	0.046	saccade	n/a	231.8	388.7	n/a	189.4	184.2	7.46	255.0
0.332	0.214	fixation	n/a	197.3	176.1	3402.0	n/a	n/a	n/a	n/a
0.548	0.032	saccade	n/a	202.1	173.8	n/a	292.9	207.0	3.4	138.0
0.582	0.602	fixation	n/a	305.8	216.2	3282.0	n/a	n/a	n/a	n/a
1.186	0.014	saccade	n/a	301.6	228.6	n/a	302.4	248.1	0.71	53.0
1.202	0.686	fixation	n/a	301.5	262.5	3217.0	n/a	n/a	n/a	n/a
1.89	0.016	saccade	n/a	306.3	272.8	n/a	329.9	275.2	0.85	58.0
1.908	0.682	fixation	n/a	339.0	273.9	3228.0	n/a	n/a	n/a	n/a
2.11	0.0	trigger_115	115	n/a	n/a	n/a	n/a	n/a	n/a	n/a
2.592	0.168	saccade	n/a	349.8	273.8	n/a	361.5	307.0	1.28	671.0
2.63	0.076	blink	n/a	n/a	n/a	n/a	n/a	n/a	n/a	n/a
2.762	0.834	fixation	n/a	358.0	279.7	3372.0	n/a	n/a	n/a	n/a
3.598	0.03	saccade	n/a	351.8	274.9	n/a	273.8	258.6	2.82	111.0
3.63	0.274	fixation	n/a	264.8	248.3	3408.0	n/a	n/a	n/a	n/a
3.906	0.316	saccade	n/a	281.5	264.8	n/a	414.6	449.2	8.14	856.0
3.946	0.224	blink	n/a	n/a	n/a	n/a	n/a	n/a	n/a	n/a
4.124	0.0	trigger_10	10	n/a	n/a	n/a	n/a	n/a	n/a	n/a
4.224	0.042	fixation	n/a	412.1	427.7	2335.0	n/a	n/a	n/a	n/a
4.268	0.028	saccade	n/a	414.6	424.9	n/a	371.9	357.1	2.87	145.0
4.298	0.064	fixation	n/a	361.7	316.6	3356.0	n/a	n/a	n/a	n/a
4.364	0.026	saccade	n/a	349.9	295.2	n/a	276.7	286.8	2.61	120.0
4.392	0.142	fixation	n/a	273.7	286.4	3503.0	n/a	n/a	n/a	n/a
4.536	0.034	saccade	n/a	272.6	285.0	n/a	173.2	197.2	4.68	190.0
4.572	0.214	fixation	n/a	178.0	189.5	3317.0	n/a	n/a	n/a	n/a
4.788	0.058	saccade	n/a	179.2	188.5	n/a	247.3	553.7	13.07	371.0
4.848	0.124	fixation	n/a	247.7	549.7	3300.0	n/a	n/a	n/a	n/a
4.974	0.048	saccade	n/a	248.1	545.4	n/a	425.1	540.9	6.17	189.0
5.024	0.206	fixation	n/a	425.5	540.7	3362.0	n/a	n/a	n/a	n/a
5.232	0.028	saccade	n/a	425.2	541.8	n/a	498.7	544.1	2.59	126.0
5.262	0.126	fixation	n/a	509.1	541.5	3332.0	n/a	n/a	n/a	n/a
5.39	0.058	saccade	n/a	509.9	540.3	n/a	310.0	214.6	13.63	429.0
5.45	0.208	fixation	n/a	319.0	223.2	3270.0	n/a	n/a	n/a	n/a
5.66	0.028	saccade	n/a	318.2	228.7	n/a	241.9	232.0	2.69	117.0
5.69	0.264	fixation	n/a	233.7	233.4	3387.0	n/a	n/a	n/a	n/a
5.956	0.03	saccade	n/a	237.9	235.0	n/a	328.2	239.8	3.18	141.0
5.988	0.156	fixation	n/a	340.0	240.4	3579.0	n/a	n/a	n/a	n/a
6.146	0.032	saccade	n/a	336.7	240.6	n/a	247.3	197.6	3.51	178.0
6.168	0.0	trigger_11	11	n/a	n/a	n/a	n/a	n/a	n/a	n/a
6.18	0.232	fixation	n/a	257.1	206.1	3644.0	n/a	n/a	n/a	n/a
6.228	0.0	trigger_12	12	n/a	n/a	n/a	n/a	n/a	n/a	n/a
6.414	0.02	saccade	n/a	258.4	210.8	n/a	287.1	233.8	1.31	83.0
6.436	0.17	fixation	n/a	289.4	238.2	3658.0	n/a	n/a	n/a	n/a
6.608	0.026	saccade	n/a	293.0	238.3	n/a	368.3	248.7	2.7	134.0
6.636	0.142	fixation	n/a	388.2	253.2	3705.0	n/a	n/a	n/a	n/a
6.78	0.034	saccade	n/a	389.5	256.2	n/a	273.7	233.4	4.2	198.0
6.816	0.332	fixation	n/a	278.9	234.3	3763.0	n/a	n/a	n/a	n/a
6.848	0.0	trigger_13	13	n/a	n/a	n/a	n/a	n/a	n/a	n/a
6.91	0.0	trigger_10	10	n/a	n/a	n/a	n/a	n/a	n/a	n/a
7.15	0.028	saccade	n/a	284.9	240.1	n/a	200.8	233.2	2.96	162.0
7.18	0.178	fixation	n/a	200.0	232.4	3738.0	n/a	n/a	n/a	n/a
7.36	0.026	saccade	n/a	197.1	235.6	n/a	133.8	240.3	2.19	109.0
7.388	0.132	fixation	n/a	129.8	239.4	3767.0	n/a	n/a	n/a	n/a
7.522	0.04	saccade	n/a	132.6	242.0	n/a	281.5	227.0	5.21	208.0
7.564	0.11	fixation	n/a	285.8	227.5	3774.0	n/a	n/a	n/a	n/a
7.676	0.044	saccade	n/a	286.8	227.0	n/a	462.6	193.0	6.39	229.0
7.722	0.278	fixation	n/a	464.6	190.4	3705.0	n/a	n/a	n/a	n/a
8.002	0.058	saccade	n/a	458.4	191.5	n/a	130.7	176.7	11.45	347.0
8.062	0.246	fixation	n/a	137.3	181.9	3616.0	n/a	n/a	n/a	n/a
8.31	0.028	saccade	n/a	142.9	179.1	n/a	234.2	208.6	3.34	160.0
8.34	0.258	fixation	n/a	243.6	215.3	3571.0	n/a	n/a	n/a	n/a
8.368	0.0	trigger_11	11	n/a	n/a	n/a	n/a	n/a	n/a	n/a
8.424	0.0	trigger_10	10	n/a	n/a	n/a	n/a	n/a	n/a	n/a
8.6	0.024	saccade	n/a	235.7	211.4	n/a	174.0	189.8	2.28	122.0
8.626	0.192	fixation	n/a	168.7	183.7	3618.0	n/a	n/a	n/a	n/a
8.82	0.026	saccade	n/a	171.5	183.7	n/a	244.1	203.0	2.61	118.0
8.848	0.098	fixation	n/a	252.1	199.2	3599.0	n/a	n/a	n/a	n/a
8.948	0.036	saccade	n/a	255.4	198.7	n/a	368.5	184.6	4.04	135.0
8.986	0.194	fixation	n/a	379.6	179.0	3649.0	n/a	n/a	n/a	n/a
9.182	0.042	saccade	n/a	384.8	181.3	n/a	542.4	181.2	5.65	171.0
9.226	0.172	fixation	n/a	543.8	180.9	3564.0	n/a	n/a	n/a	n/a
9.4	0.036	saccade	n/a	543.5	181.2	n/a	434.9	242.8	4.51	211.0
9.438	0.206	fixation	n/a	440.7	243.5	3477.0	n/a	n/a	n/a	n/a
9.646	0.058	saccade	n/a	435.8	246.7	n/a	201.7	231.8	8.29	252.0
9.706	0.248	fixation	n/a	201.6	230.8	3432.0	n/a	n/a	n/a	n/a
9.956	0.022	saccade	n/a	199.5	236.3	n/a	173.4	277.9	1.74	98.0
9.98	0.204	fixation	n/a	167.9	286.8	3434.0	n/a	n/a	n/a	n/a
10.186	0.038	saccade	n/a	171.4	280.3	n/a	292.9	221.0	4.75	192.0
10.226	0.132	fixation	n/a	306.3	214.2	3493.0	n/a	n/a	n/a	n/a
10.36	0.028	saccade	n/a	304.8	212.6	n/a	237.6	177.8	2.67	107.0
10.39	0.488	fixation	n/a	235.7	178.9	3451.0	n/a	n/a	n/a	n/a
10.552	0.0	trigger_11	11	n/a	n/a	n/a	n/a	n/a	n/a	n/a
10.61	0.0	trigger_10	10	n/a	n/a	n/a	n/a	n/a	n/a	n/a
10.88	0.024	saccade	n/a	223.8	186.2	n/a	187.9	224.4	1.85	105.0
10.906	0.174	fixation	n/a	186.1	229.4	3384.0	n/a	n/a	n/a	n/a
11.082	0.028	saccade	n/a	187.6	228.7	n/a	278.7	237.2	3.2	146.0
11.112	0.202	fixation	n/a	298.2	240.3	3472.0	n/a	n/a	n/a	n/a
11.316	0.03	saccade	n/a	300.4	240.3	n/a	391.7	245.0	3.25	147.0
11.348	0.332	fixation	n/a	403.2	245.8	3421.0	n/a	n/a	n/a	n/a
11.682	0.022	saccade	n/a	400.4	247.5	n/a	363.8	242.6	1.32	74.0
11.706	0.41	fixation	n/a	361.2	241.7	3412.0	n/a	n/a	n/a	n/a
12.118	0.046	saccade	n/a	360.8	244.5	n/a	168.1	301.0	7.06	240.0
12.166	0.224	fixation	n/a	170.3	301.4	3485.0	n/a	n/a	n/a	n/a
12.216	0.0	trigger_11	11	n/a	n/a	n/a	n/a	n/a	n/a	n/a
12.274	0.0	trigger_10	10	n/a	n/a	n/a	n/a	n/a	n/a	n/a
12.392	0.028	saccade	n/a	172.8	301.7	n/a	215.8	226.9	3.07	149.0
12.422	0.366	fixation	n/a	235.8	217.1	3454.0	n/a	n/a	n/a	n/a
12.79	0.06	saccade	n/a	236.6	217.5	n/a	561.6	172.7	11.64	322.0
12.852	0.18	fixation	n/a	561.5	171.3	3331.0	n/a	n/a	n/a	n/a
13.034	0.06	saccade	n/a	558.8	173.0	n/a	215.6	209.3	12.22	341.0
13.096	0.338	fixation	n/a	223.6	203.9	3345.0	n/a	n/a	n/a	n/a
13.16	0.0	trigger_11	11	n/a	n/a	n/a	n/a	n/a	n/a	n/a
13.216	0.0	trigger_12	12	n/a	n/a	n/a	n/a	n/a	n/a	n/a
13.436	0.024	saccade	n/a	227.7	205.3	n/a	265.0	226.3	1.51	80.0
13.462	0.126	fixation	n/a	270.2	228.5	3386.0	n/a	n/a	n/a	n/a
13.59	0.028	saccade	n/a	271.5	233.9	n/a	335.0	234.0	2.24	104.0
13.62	0.14	fixation	n/a	343.6	235.5	3421.0	n/a	n/a	n/a	n/a
13.762	0.024	saccade	n/a	341.7	237.1	n/a	280.8	228.1	2.18	123.0
13.776	0.0	trigger_13	13	n/a	n/a	n/a	n/a	n/a	n/a	n/a
13.788	0.288	fixation	n/a	279.3	224.8	3426.0	n/a	n/a	n/a	n/a
13.838	0.0	trigger_10	10	n/a	n/a	n/a	n/a	n/a	n/a	n/a
14.078	0.026	saccade	n/a	280.1	226.8	n/a	333.7	235.4	1.92	86.0
14.106	0.216	fixation	n/a	349.5	241.6	3446.0	n/a	n/a	n/a	n/a
14.324	0.026	saccade	n/a	348.0	243.9	n/a	287.4	238.7	2.16	119.0
14.352	0.33	fixation	n/a	288.6	238.7	3471.0	n/a	n/a	n/a	n/a
14.392	0.0	trigger_11	11	n/a	n/a	n/a	n/a	n/a	n/a	n/a
14.45	0.0	trigger_10	10	n/a	n/a	n/a	n/a	n/a	n/a	n/a
14.684	0.024	saccade	n/a	284.4	240.2	n/a	211.6	236.0	2.55	140.0
14.71	0.316	fixation	n/a	208.2	235.7	3488.0	n/a	n/a	n/a	n/a
15.028	0.022	saccade	n/a	213.2	234.1	n/a	250.7	230.5	1.31	69.0
15.052	0.272	fixation	n/a	263.4	235.6	3490.0	n/a	n/a	n/a	n/a
15.08	0.0	trigger_11	11	n/a	n/a	n/a	n/a	n/a	n/a	n/a
15.14	0.0	trigger_10	10	n/a	n/a	n/a	n/a	n/a	n/a	n/a
15.326	0.024	saccade	n/a	261.7	239.8	n/a	206.6	233.2	1.94	108.0
15.352	0.118	fixation	n/a	199.9	235.1	3537.0	n/a	n/a	n/a	n/a
15.472	0.024	saccade	n/a	199.8	233.2	n/a	156.7	178.9	2.44	138.0
15.498	0.14	fixation	n/a	158.6	175.2	3532.0	n/a	n/a	n/a	n/a
15.64	0.058	saccade	n/a	160.8	176.2	n/a	517.1	181.3	12.53	368.0
15.7	0.206	fixation	n/a	518.3	175.5	3449.0	n/a	n/a	n/a	n/a
15.908	0.06	saccade	n/a	517.6	176.1	n/a	139.3	228.1	13.38	374.0
15.97	0.232	fixation	n/a	143.6	227.7	3422.0	n/a	n/a	n/a	n/a
16.204	0.03	saccade	n/a	148.0	229.5	n/a	231.4	183.3	3.33	138.0
16.236	0.692	fixation	n/a	259.7	187.2	3456.0	n/a	n/a	n/a	n/a
16.472	0.0	trigger_11	11	n/a	n/a	n/a	n/a	n/a	n/a	n/a
16.534	0.0	trigger_10	10	n/a	n/a	n/a	n/a	n/a	n/a	n/a
16.93	0.054	saccade	n/a	272.0	208.4	n/a	525.3	182.7	9.05	267.0
16.986	0.17	fixation	n/a	525.8	182.0	3452.0	n/a	n/a	n/a	n/a
17.158	0.048	saccade	n/a	523.4	179.3	n/a	277.3	231.8	8.95	333.0
17.208	0.392	fixation	n/a	286.1	232.6	3429.0	n/a	n/a	n/a	n/a
17.602	0.024	saccade	n/a	288.4	226.2	n/a	304.8	184.5	1.61	78.0
17.628	0.384	fixation	n/a	311.5	176.5	3393.0	n/a	n/a	n/a	n/a
17.776	0.0	trigger_11	11	n/a	n/a	n/a	n/a	n/a	n/a	n/a
17.838	0.0	trigger_10	10	n/a	n/a	n/a	n/a	n/a	n/a	n/a
18.014	0.032	saccade	n/a	309.7	178.5	n/a	217.4	176.1	3.25	146.0
18.048	0.27	fixation	n/a	219.3	176.9	3293.0	n/a	n/a	n/a	n/a
18.32	0.022	saccade	n/a	216.1	179.6	n/a	216.6	218.7	1.4	85.0
18.344	0.166	fixation	n/a	220.6	229.0	3334.0	n/a	n/a	n/a	n/a
18.512	0.054	saccade	n/a	221.3	230.6	n/a	485.1	190.6	9.47	283.0
18.568	0.238	fixation	n/a	486.2	185.4	3381.0	n/a	n/a	n/a	n/a
18.808	0.036	saccade	n/a	485.1	186.1	n/a	367.9	251.1	4.82	226.0
18.846	0.236	fixation	n/a	368.1	251.9	3307.0	n/a	n/a	n/a	n/a
19.084	0.03	saccade	n/a	366.4	252.2	n/a	259.7	237.7	3.81	166.0
19.116	0.21	fixation	n/a	254.1	236.0	3322.0	n/a	n/a	n/a	n/a
19.328	0.026	saccade	n/a	254.7	236.8	n/a	188.0	230.8	2.33	117.0
19.356	0.26	fixation	n/a	181.5	230.4	3344.0	n/a	n/a	n/a	n/a
19.618	0.026	saccade	n/a	187.5	235.0	n/a	209.0	293.8	2.23	109.0
19.646	0.142	fixation	n/a	213.1	297.9	3353.0	n/a	n/a	n/a	n/a
19.79	0.036	saccade	n/a	214.9	296.2	n/a	333.6	297.5	4.17	158.0
19.828	0.142	fixation	n/a	340.1	302.2	3380.0	n/a	n/a	n/a	n/a
19.972	0.03	saccade	n/a	343.1	304.1	n/a	424.4	301.4	2.91	124.0
20.004	0.178	fixation	n/a	438.5	300.7	3221.0	n/a	n/a	n/a	n/a
20.056	0.0	trigger_11	11	n/a	n/a	n/a	n/a	n/a	n/a	n/a
20.112	0.0	trigger_10	10	n/a	n/a	n/a	n/a	n/a	n/a	n/a
20.184	0.044	saccade	n/a	438.8	300.4	n/a	248.2	222.6	7.32	283.0
20.23	0.114	fixation	n/a	253.6	220.6	3207.0	n/a	n/a	n/a	n/a
20.346	0.026	saccade	n/a	254.6	223.2	n/a	191.4	194.8	2.43	135.0
20.374	0.266	fixation	n/a	188.8	187.8	3243.0	n/a	n/a	n/a	n/a
20.642	0.024	saccade	n/a	186.6	188.4	n/a	169.8	231.4	1.64	88.0
20.668	0.344	fixation	n/a	167.3	234.5	3312.0	n/a	n/a	n/a	n/a
21.014	0.028	saccade	n/a	168.2	232.3	n/a	236.4	229.4	2.37	95.0
21.044	0.344	fixation	n/a	250.0	231.1	3378.0	n/a	n/a	n/a	n/a
21.152	0.0	trigger_11	11	n/a	n/a	n/a	n/a	n/a	n/a	n/a
21.216	0.0	trigger_10	10	n/a	n/a	n/a	n/a	n/a	n/a	n/a
21.39	0.022	saccade	n/a	244.7	234.2	n/a	196.1	236.3	1.7	104.0
21.414	0.102	fixation	n/a	193.5	238.0	3367.0	n/a	n/a	n/a	n/a
21.518	0.048	saccade	n/a	193.0	235.8	n/a	398.9	246.9	7.27	236.0
21.568	0.192	fixation	n/a	397.7	246.3	3320.0	n/a	n/a	n/a	n/a
21.762	0.026	saccade	n/a	402.3	241.3	n/a	473.6	238.0	2.56	124.0
21.79	0.104	fixation	n/a	480.4	238.1	3291.0	n/a	n/a	n/a	n/a
21.896	0.042	saccade	n/a	479.6	234.0	n/a	299.6	232.5	6.41	249.0
21.94	0.372	fixation	n/a	303.6	234.4	3258.0	n/a	n/a	n/a	n/a
22.04	0.0	trigger_11	11	n/a	n/a	n/a	n/a	n/a	n/a	n/a
22.098	0.0	trigger_12	12	n/a	n/a	n/a	n/a	n/a	n/a	n/a
22.314	0.026	saccade	n/a	300.0	236.7	n/a	244.5	231.1	1.97	87.0
22.342	0.168	fixation	n/a	240.2	228.4	3295.0	n/a	n/a	n/a	n/a
22.512	0.024	saccade	n/a	239.6	229.9	n/a	197.3	200.8	1.81	94.0
22.538	0.216	fixation	n/a	185.5	184.8	3255.0	n/a	n/a	n/a	n/a
22.756	0.03	saccade	n/a	184.0	184.5	n/a	198.1	283.4	3.57	166.0
22.788	0.222	fixation	n/a	199.6	288.1	3306.0	n/a	n/a	n/a	n/a
23.012	0.058	saccade	n/a	201.7	290.0	n/a	501.6	245.9	10.7	279.0
23.072	0.234	fixation	n/a	503.0	244.5	3327.0	n/a	n/a	n/a	n/a
23.308	0.024	saccade	n/a	498.3	246.1	n/a	436.2	245.5	2.23	128.0
23.334	0.152	fixation	n/a	434.4	244.2	3259.0	n/a	n/a	n/a	n/a
23.488	0.04	saccade	n/a	438.7	245.3	n/a	575.8	226.4	4.97	188.0
23.53	0.328	fixation	n/a	576.2	228.7	3185.0	n/a	n/a	n/a	n/a
23.64	0.0	trigger_13	13	n/a	n/a	n/a	n/a	n/a	n/a	n/a
23.702	0.0	trigger_10	10	n/a	n/a	n/a	n/a	n/a	n/a	n/a
23.86	0.058	saccade	n/a	574.5	229.0	n/a	251.3	214.4	11.49	341.0
23.92	0.154	fixation	n/a	254.6	211.4	3269.0	n/a	n/a	n/a	n/a
24.076	0.024	saccade	n/a	251.4	209.7	n/a	193.5	224.4	2.08	120.0
24.102	0.224	fixation	n/a	189.1	232.8	3320.0	n/a	n/a	n/a	n/a
24.328	0.024	saccade	n/a	189.0	231.9	n/a	157.6	194.8	1.71	84.0
24.354	0.14	fixation	n/a	158.9	186.2	3372.0	n/a	n/a	n/a	n/a
24.496	0.056	saccade	n/a	163.6	190.6	n/a	474.3	195.1	10.94	324.0
24.554	0.226	fixation	n/a	478.0	193.2	3265.0	n/a	n/a	n/a	n/a
24.782	0.026	saccade	n/a	479.5	194.1	n/a	523.2	243.4	2.39	127.0
24.81	0.114	fixation	n/a	525.5	248.6	3231.0	n/a	n/a	n/a	n/a
24.926	0.058	saccade	n/a	525.8	246.7	n/a	172.4	314.4	12.66	359.0
24.986	0.172	fixation	n/a	185.7	315.6	3343.0	n/a	n/a	n/a	n/a
25.16	0.04	saccade	n/a	185.2	311.9	n/a	265.8	194.2	5.06	181.0
25.202	0.276	fixation	n/a	280.8	194.8	3277.0	n/a	n/a	n/a	n/a
25.242	0.0	trigger_11	11	n/a	n/a	n/a	n/a	n/a	n/a	n/a
25.306	0.0	trigger_10	10	n/a	n/a	n/a	n/a	n/a	n/a	n/a
25.48	0.022	saccade	n/a	286.3	194.2	n/a	329.8	193.9	1.54	88.0
25.504	0.088	fixation	n/a	340.1	191.2	3272.0	n/a	n/a	n/a	n/a
25.594	0.038	saccade	n/a	344.1	188.2	n/a	474.2	179.1	4.66	172.0
25.634	0.18	fixation	n/a	476.9	179.7	3292.0	n/a	n/a	n/a	n/a
25.816	0.044	saccade	n/a	475.2	182.4	n/a	273.4	225.1	7.35	296.0
25.862	0.174	fixation	n/a	276.8	225.2	3311.0	n/a	n/a	n/a	n/a
26.038	0.028	saccade	n/a	274.9	227.3	n/a	187.5	231.5	3.05	152.0
26.068	0.134	fixation	n/a	182.5	234.0	3354.0	n/a	n/a	n/a	n/a
26.204	0.05	saccade	n/a	185.4	234.3	n/a	462.4	236.9	9.77	313.0
26.256	0.338	fixation	n/a	470.7	240.0	3261.0	n/a	n/a	n/a	n/a
26.596	0.056	saccade	n/a	473.6	239.2	n/a	165.8	234.0	10.86	338.0
26.654	0.284	fixation	n/a	176.3	232.9	3179.0	n/a	n/a	n/a	n/a
26.68	0.0	trigger_11	11	n/a	n/a	n/a	n/a	n/a	n/a	n/a
26.74	0.0	trigger_10	10	n/a	n/a	n/a	n/a	n/a	n/a	n/a
26.94	0.05	saccade	n/a	190.1	229.5	n/a	414.7	233.9	7.98	243.0
26.992	0.18	fixation	n/a	415.0	222.7	3132.0	n/a	n/a	n/a	n/a
27.174	0.044	saccade	n/a	430.0	204.9	n/a	463.0	167.0	1.84	79.0
27.22	0.042	fixation	n/a	474.7	169.1	2603.0	n/a	n/a	n/a	n/a
27.264	0.024	saccade	n/a	495.2	165.0	n/a	545.1	196.9	2.16	126.0
27.29	0.106	fixation	n/a	540.6	194.7	2815.0	n/a	n/a	n/a	n/a
27.398	0.016	saccade	n/a	538.6	188.3	n/a	536.9	219.1	1.14	93.0
27.416	0.07	fixation	n/a	534.2	219.9	2923.0	n/a	n/a	n/a	n/a
27.488	0.088	saccade	n/a	523.3	213.9	n/a	157.2	282.8	13.22	564.0
27.578	0.062	fixation	n/a	146.8	288.0	2911.0	n/a	n/a	n/a	n/a
27.642	0.064	saccade	n/a	150.3	299.2	n/a	152.8	300.8	0.1	151.0
27.708	0.058	fixation	n/a	168.2	291.7	3065.0	n/a	n/a	n/a	n/a
27.768	0.086	saccade	n/a	160.7	275.3	n/a	240.9	218.6	3.47	133.0
27.826	0.0	trigger_11	11	n/a	n/a	n/a	n/a	n/a	n/a	n/a
27.856	0.238	fixation	n/a	246.7	225.0	3246.0	n/a	n/a	n/a	n/a
27.882	0.0	trigger_12	12	n/a	n/a	n/a	n/a	n/a	n/a	n/a
28.096	0.134	saccade	n/a	247.6	233.3	n/a	191.7	262.9	2.23	840.0
28.14	0.038	blink	n/a	n/a	n/a	n/a	n/a	n/a	n/a	n/a
28.232	0.278	fixation	n/a	168.8	227.3	3391.0	n/a	n/a	n/a	n/a
28.512	0.084	saccade	n/a	157.6	219.3	n/a	472.0	183.0	11.11	242.0
28.598	0.138	fixation	n/a	471.4	180.3	3396.0	n/a	n/a	n/a	n/a
28.738	0.052	saccade	n/a	468.9	177.8	n/a	167.7	170.3	10.59	373.0
28.792	0.422	fixation	n/a	179.3	178.1	3502.0	n/a	n/a	n/a	n/a
28.842	0.0	trigger_13	13	n/a	n/a	n/a	n/a	n/a	n/a	n/a
28.904	0.0	trigger_10	10	n/a	n/a	n/a	n/a	n/a	n/a	n/a
29.216	0.036	saccade	n/a	184.5	184.3	n/a	281.9	234.1	3.84	133.0
29.254	0.148	fixation	n/a	290.8	236.7	3534.0	n/a	n/a	n/a	n/a
29.404	0.04	saccade	n/a	295.3	237.3	n/a	399.7	245.8	3.73	118.0
29.446	0.12	fixation	n/a	404.9	245.0	3485.0	n/a	n/a	n/a	n/a
29.568	0.028	saccade	n/a	407.5	246.4	n/a	480.9	243.3	2.63	112.0
29.598	0.166	fixation	n/a	500.5	240.2	3496.0	n/a	n/a	n/a	n/a
29.766	0.044	saccade	n/a	499.0	240.6	n/a	331.5	243.4	5.98	187.0
29.812	0.156	fixation	n/a	338.8	242.5	3468.0	n/a	n/a	n/a	n/a
29.97	0.03	saccade	n/a	340.7	242.9	n/a	234.1	241.1	3.75	178.0
30.002	0.17	fixation	n/a	227.5	241.9	3493.0	n/a	n/a	n/a	n/a
30.174	0.028	saccade	n/a	225.3	242.0	n/a	143.6	244.3	2.82	137.0
30.204	0.218	fixation	n/a	138.3	248.1	3535.0	n/a	n/a	n/a	n/a
30.424	0.028	saccade	n/a	140.8	243.9	n/a	219.8	242.9	2.72	122.0
30.454	0.308	fixation	n/a	230.6	241.7	3500.0	n/a	n/a	n/a	n/a
30.764	0.022	saccade	n/a	234.8	241.6	n/a	277.1	241.9	1.48	88.0
30.788	0.26	fixation	n/a	285.2	245.0	3514.0	n/a	n/a	n/a	n/a
30.808	0.0	trigger_11	11	n/a	n/a	n/a	n/a	n/a	n/a	n/a
30.87	0.0	trigger_10	10	n/a	n/a	n/a	n/a	n/a	n/a	n/a
31.05	0.028	saccade	n/a	282.0	247.3	n/a	199.2	248.0	2.9	131.0
31.08	0.184	fixation	n/a	193.6	248.7	3527.0	n/a	n/a	n/a	n/a
31.266	0.026	saccade	n/a	191.7	246.4	n/a	129.3	251.8	2.15	106.0
31.294	0.138	fixation	n/a	127.0	252.4	3495.0	n/a	n/a	n/a	n/a
31.434	0.034	saccade	n/a	129.5	251.0	n/a	189.9	191.3	2.97	120.0
31.47	0.192	fixation	n/a	214.0	186.8	3439.0	n/a	n/a	n/a	n/a
31.664	0.028	saccade	n/a	218.5	185.1	n/a	304.2	186.2	3.0	136.0
31.694	0.468	fixation	n/a	314.4	187.6	3364.0	n/a	n/a	n/a	n/a
31.882	0.0	trigger_11	11	n/a	n/a	n/a	n/a	n/a	n/a	n/a
31.942	0.0	trigger_10	10	n/a	n/a	n/a	n/a	n/a	n/a	n/a
32.164	0.032	saccade	n/a	312.7	190.7	n/a	209.7	183.1	3.62	176.0
32.198	0.22	fixation	n/a	205.4	181.3	3454.0	n/a	n/a	n/a	n/a
32.42	0.022	saccade	n/a	203.7	182.9	n/a	214.1	229.3	1.7	106.0
32.444	0.128	fixation	n/a	216.0	228.6	3493.0	n/a	n/a	n/a	n/a
32.574	0.028	saccade	n/a	216.3	230.2	n/a	296.3	243.3	2.84	147.0
32.604	0.404	fixation	n/a	304.9	249.5	3489.0	n/a	n/a	n/a	n/a
33.01	0.02	saccade	n/a	311.4	251.0	n/a	349.6	252.6	1.36	81.0
33.032	0.184	fixation	n/a	358.0	252.0	3374.0	n/a	n/a	n/a	n/a
33.218	0.022	saccade	n/a	354.4	252.4	n/a	309.0	246.6	1.62	90.0
33.234	0.0	trigger_11	11	n/a	n/a	n/a	n/a	n/a	n/a	n/a
33.242	0.472	fixation	n/a	308.0	248.7	3419.0	n/a	n/a	n/a	n/a
33.296	0.0	trigger_10	10	n/a	n/a	n/a	n/a	n/a	n/a	n/a
33.716	0.026	saccade	n/a	309.9	248.0	n/a	362.5	254.9	1.88	85.0
33.744	0.16	fixation	n/a	373.5	252.3	3315.0	n/a	n/a	n/a	n/a
33.906	0.02	saccade	n/a	370.2	251.1	n/a	334.2	251.5	1.28	84.0
33.914	0.0	trigger_11	11	n/a	n/a	n/a	n/a	n/a	n/a	n/a
33.928	0.28	fixation	n/a	333.3	249.2	3320.0	n/a	n/a	n/a	n/a
33.968	0.0	trigger_10	10	n/a	n/a	n/a	n/a	n/a	n/a	n/a
34.21	0.038	saccade	n/a	331.9	250.5	n/a	178.7	243.1	5.35	216.0
34.25	0.422	fixation	n/a	185.1	246.4	3407.0	n/a	n/a	n/a	n/a
34.674	0.036	saccade	n/a	187.8	245.8	n/a	303.8	251.4	4.05	148.0
34.712	0.376	fixation	n/a	311.5	250.3	3385.0	n/a	n/a	n/a	n/a
34.842	0.0	trigger_11	11	n/a	n/a	n/a	n/a	n/a	n/a	n/a
34.9	0.0	trigger_10	10	n/a	n/a	n/a	n/a	n/a	n/a	n/a
35.09	0.03	saccade	n/a	306.8	252.8	n/a	205.9	251.7	3.53	157.0
35.122	0.27	fixation	n/a	194.4	250.8	3609.0	n/a	n/a	n/a	n/a
35.394	0.024	saccade	n/a	194.3	243.7	n/a	171.3	191.7	2.0	111.0
35.42	0.192	fixation	n/a	175.8	187.2	3576.0	n/a	n/a	n/a	n/a
35.614	0.048	saccade	n/a	177.9	187.3	n/a	402.5	250.4	8.13	274.0
35.664	0.256	fixation	n/a	411.1	251.6	3417.0	n/a	n/a	n/a	n/a
35.922	0.028	saccade	n/a	408.0	255.1	n/a	336.9	254.7	2.52	116.0
35.952	0.184	fixation	n/a	331.3	251.5	3450.0	n/a	n/a	n/a	n/a
36.138	0.03	saccade	n/a	333.6	249.6	n/a	235.7	195.7	3.94	190.0
36.17	0.152	fixation	n/a	236.4	189.4	3514.0	n/a	n/a	n/a	n/a
36.324	0.052	saccade	n/a	241.1	185.1	n/a	514.9	193.7	9.66	307.0
36.378	0.162	fixation	n/a	517.3	188.1	3360.0	n/a	n/a	n/a	n/a
36.542	0.048	saccade	n/a	514.8	186.8	n/a	271.2	192.3	8.64	297.0
36.592	0.488	fixation	n/a	278.8	195.9	3415.0	n/a	n/a	n/a	n/a
36.834	0.0	trigger_11	11	n/a	n/a	n/a	n/a	n/a	n/a	n/a
36.896	0.0	trigger_10	10	n/a	n/a	n/a	n/a	n/a	n/a	n/a
37.082	0.028	saccade	n/a	278.9	197.0	n/a	191.8	199.9	3.04	151.0
37.112	0.116	fixation	n/a	186.9	201.5	3457.0	n/a	n/a	n/a	n/a
37.23	0.042	saccade	n/a	186.9	197.6	n/a	338.4	249.8	5.62	219.0
37.274	0.386	fixation	n/a	340.4	249.1	3456.0	n/a	n/a	n/a	n/a
37.662	0.024	saccade	n/a	340.2	250.5	n/a	289.3	249.0	1.8	93.0
37.688	0.462	fixation	n/a	289.6	246.5	3408.0	n/a	n/a	n/a	n/a
37.922	0.0	trigger_11	11	n/a	n/a	n/a	n/a	n/a	n/a	n/a
37.978	0.0	trigger_10	10	n/a	n/a	n/a	n/a	n/a	n/a	n/a
38.152	0.026	saccade	n/a	287.6	240.9	n/a	246.9	190.1	2.32	106.0
38.18	0.202	fixation	n/a	232.0	176.9	3405.0	n/a	n/a	n/a	n/a
38.384	0.026	saccade	n/a	228.8	177.3	n/a	157.5	170.9	2.46	126.0
38.412	0.246	fixation	n/a	151.1	171.9	3444.0	n/a	n/a	n/a	n/a
38.66	0.048	saccade	n/a	154.4	173.6	n/a	345.3	184.7	6.66	225.0
38.71	0.29	fixation	n/a	349.4	180.2	3342.0	n/a	n/a	n/a	n/a
39.002	0.044	saccade	n/a	354.1	184.4	n/a	516.4	187.0	5.8	200.0
39.048	0.174	fixation	n/a	517.9	186.1	3239.0	n/a	n/a	n/a	n/a
39.224	0.052	saccade	n/a	519.3	187.5	n/a	280.1	182.5	8.5	272.0
39.278	0.18	fixation	n/a	287.2	185.5	3260.0	n/a	n/a	n/a	n/a
39.46	0.028	saccade	n/a	287.8	186.4	n/a	199.6	180.0	3.09	160.0
39.49	0.748	fixation	n/a	192.7	178.5	3343.0	n/a	n/a	n/a	n/a
39.978	0.0	trigger_11	11	n/a	n/a	n/a	n/a	n/a	n/a	n/a
40.044	0.0	trigger_10	10	n/a	n/a	n/a	n/a	n/a	n/a	n/a
40.24	0.022	saccade	n/a	201.0	185.0	n/a	246.0	188.5	1.57	84.0
40.264	0.118	fixation	n/a	252.3	188.8	3481.0	n/a	n/a	n/a	n/a
40.384	0.028	saccade	n/a	251.4	190.7	n/a	176.2	233.1	3.01	148.0
40.414	0.174	fixation	n/a	173.7	241.4	3542.0	n/a	n/a	n/a	n/a
40.59	0.066	saccade	n/a	176.7	246.7	n/a	603.5	198.6	15.1	377.0
40.658	0.192	fixation	n/a	603.9	194.1	3461.0	n/a	n/a	n/a	n/a
40.852	0.066	saccade	n/a	603.8	190.1	n/a	183.4	251.7	14.97	368.0
40.92	0.278	fixation	n/a	192.1	247.1	3315.0	n/a	n/a	n/a	n/a
40.962	0.0	trigger_11	11	n/a	n/a	n/a	n/a	n/a	n/a	n/a
41.026	0.0	trigger_10	10	n/a	n/a	n/a	n/a	n/a	n/a	n/a
41.2	0.022	saccade	n/a	191.2	244.3	n/a	160.8	217.3	1.42	80.0
41.224	0.202	fixation	n/a	157.2	207.2	3359.0	n/a	n/a	n/a	n/a
41.428	0.04	saccade	n/a	159.0	205.5	n/a	308.9	237.3	5.34	219.0
41.47	0.13	fixation	n/a	312.6	239.4	3376.0	n/a	n/a	n/a	n/a
41.602	0.03	saccade	n/a	310.8	241.6	n/a	220.8	234.9	3.16	162.0
41.634	0.506	fixation	n/a	221.3	238.9	3406.0	n/a	n/a	n/a	n/a
41.898	0.0	trigger_11	11	n/a	n/a	n/a	n/a	n/a	n/a	n/a
41.958	0.0	trigger_12	12	n/a	n/a	n/a	n/a	n/a	n/a	n/a
42.142	0.022	saccade	n/a	214.9	237.7	n/a	176.4	237.4	1.33	71.0
42.166	0.13	fixation	n/a	170.9	235.5	3473.0	n/a	n/a	n/a	n/a
42.298	0.054	saccade	n/a	170.7	233.6	n/a	440.6	252.8	9.5	300.0
42.354	0.144	fixation	n/a	440.5	249.7	3398.0	n/a	n/a	n/a	n/a
42.5	0.03	saccade	n/a	441.8	246.9	n/a	532.4	255.4	3.26	137.0
42.532	0.228	fixation	n/a	545.8	258.2	3381.0	n/a	n/a	n/a	n/a
42.762	0.028	saccade	n/a	547.7	252.3	n/a	581.7	184.5	2.75	125.0
42.792	0.19	fixation	n/a	591.0	176.6	3208.0	n/a	n/a	n/a	n/a
42.984	0.068	saccade	n/a	591.0	177.0	n/a	194.9	192.0	13.93	311.0
43.054	0.366	fixation	n/a	197.6	193.6	3305.0	n/a	n/a	n/a	n/a
43.098	0.0	trigger_13	13	n/a	n/a	n/a	n/a	n/a	n/a	n/a
43.16	0.0	trigger_10	10	n/a	n/a	n/a	n/a	n/a	n/a	n/a
43.422	0.032	saccade	n/a	200.3	192.9	n/a	311.3	189.0	3.88	164.0
43.456	0.21	fixation	n/a	316.9	188.7	3552.0	n/a	n/a	n/a	n/a
43.668	0.164	saccade	n/a	321.4	202.7	n/a	303.5	194.4	0.7	855.0
43.708	0.072	blink	n/a	n/a	n/a	n/a	n/a	n/a	n/a	n/a
43.834	0.22	fixation	n/a	295.9	182.2	3657.0	n/a	n/a	n/a	n/a
44.056	0.022	saccade	n/a	291.7	180.2	n/a	245.7	182.0	1.61	99.0
44.08	0.404	fixation	n/a	242.5	176.9	3585.0	n/a	n/a	n/a	n/a
44.486	0.028	saccade	n/a	241.2	174.7	n/a	163.2	168.7	2.7	125.0
44.516	0.158	fixation	n/a	160.3	173.4	3581.0	n/a	n/a	n/a	n/a
44.676	0.036	saccade	n/a	165.5	176.2	n/a	294.6	185.3	4.5	167.0
44.714	0.26	fixation	n/a	295.9	183.5	3672.0	n/a	n/a	n/a	n/a
44.976	0.044	saccade	n/a	295.3	180.7	n/a	465.2	183.2	6.04	223.0
45.022	0.214	fixation	n/a	466.8	182.8	3649.0	n/a	n/a	n/a	n/a
45.238	0.052	saccade	n/a	466.9	182.2	n/a	210.6	224.9	9.15	261.0
45.292	0.218	fixation	n/a	218.0	225.2	3542.0	n/a	n/a	n/a	n/a
45.512	0.03	saccade	n/a	217.9	225.0	n/a	128.1	238.4	3.12	140.0
45.544	0.278	fixation	n/a	125.5	238.0	3597.0	n/a	n/a	n/a	n/a
45.824	0.062	saccade	n/a	127.4	239.3	n/a	491.4	208.5	12.75	350.0
45.888	0.316	fixation	n/a	489.4	197.4	3591.0	n/a	n/a	n/a	n/a
46.206	0.028	saccade	n/a	484.8	190.5	n/a	539.0	237.4	2.59	128.0
46.236	0.152	fixation	n/a	543.7	241.9	3551.0	n/a	n/a	n/a	n/a
46.39	0.044	saccade	n/a	544.4	241.6	n/a	365.3	240.4	6.4	240.0
46.436	0.25	fixation	n/a	375.0	243.0	3527.0	n/a	n/a	n/a	n/a
46.688	0.03	saccade	n/a	375.2	244.5	n/a	276.4	239.9	3.5	159.0
46.72	0.292	fixation	n/a	271.6	239.5	3492.0	n/a	n/a	n/a	n/a
47.014	0.052	saccade	n/a	274.8	238.3	n/a	514.8	254.5	8.55	258.0
47.068	0.224	fixation	n/a	515.6	250.5	3483.0	n/a	n/a	n/a	n/a
47.294	0.026	saccade	n/a	517.8	250.1	n/a	584.9	255.8	2.41	124.0
47.322	0.098	fixation	n/a	592.4	253.8	3479.0	n/a	n/a	n/a	n/a
47.422	0.066	saccade	n/a	591.3	256.3	n/a	123.8	305.3	16.41	386.0
47.49	0.19	fixation	n/a	127.4	305.2	3495.0	n/a	n/a	n/a	n/a
47.682	0.058	saccade	n/a	125.2	305.1	n/a	232.8	162.1	6.29	195.0
47.742	0.176	fixation	n/a	239.0	161.9	3420.0	n/a	n/a	n/a	n/a
47.92	0.03	saccade	n/a	241.2	164.3	n/a	334.9	184.3	3.38	160.0
47.952	0.398	fixation	n/a	342.4	185.0	3427.0	n/a	n/a	n/a	n/a
48.106	0.0	trigger_11	11	n/a	n/a	n/a	n/a	n/a	n/a	n/a
48.164	0.0	trigger_10	10	n/a	n/a	n/a	n/a	n/a	n/a	n/a
48.352	0.04	saccade	n/a	340.1	185.4	n/a	188.6	172.7	5.32	228.0
48.394	0.152	fixation	n/a	189.5	176.5	3499.0	n/a	n/a	n/a	n/a
48.548	0.056	saccade	n/a	191.5	177.1	n/a	480.3	194.8	10.19	292.0
48.606	0.198	fixation	n/a	478.8	190.2	3428.0	n/a	n/a	n/a	n/a
48.806	0.034	saccade	n/a	479.0	187.4	n/a	584.1	181.5	3.77	152.0
48.842	0.07	fixation	n/a	592.2	182.3	3402.0	n/a	n/a	n/a	n/a
48.914	0.064	saccade	n/a	593.9	181.3	n/a	149.6	237.6	15.69	372.0
48.98	0.264	fixation	n/a	151.7	240.8	3435.0	n/a	n/a	n/a	n/a
49.246	0.024	saccade	n/a	147.6	239.0	n/a	138.7	186.9	1.87	106.0
49.272	0.394	fixation	n/a	144.9	180.9	3473.0	n/a	n/a	n/a	n/a
49.668	0.03	saccade	n/a	149.2	184.2	n/a	229.8	191.1	2.79	114.0
49.7	0.36	fixation	n/a	261.9	194.7	3533.0	n/a	n/a	n/a	n/a
49.794	0.0	trigger_11	11	n/a	n/a	n/a	n/a	n/a	n/a	n/a
49.858	0.0	trigger_10	10	n/a	n/a	n/a	n/a	n/a	n/a	n/a
50.062	0.054	saccade	n/a	270.1	194.7	n/a	419.5	188.1	5.3	124.0
50.118	0.164	fixation	n/a	434.2	188.5	3496.0	n/a	n/a	n/a	n/a
50.284	0.028	saccade	n/a	439.1	194.5	n/a	521.3	189.1	2.95	139.0
50.314	0.06	fixation	n/a	529.4	187.5	3413.0	n/a	n/a	n/a	n/a
50.376	0.056	saccade	n/a	532.2	188.0	n/a	168.0	231.5	12.85	378.0
50.434	0.262	fixation	n/a	173.2	232.9	3448.0	n/a	n/a	n/a	n/a
50.698	0.046	saccade	n/a	176.3	233.0	n/a	388.0	251.2	7.43	239.0
50.746	0.256	fixation	n/a	393.8	249.0	3370.0	n/a	n/a	n/a	n/a
51.004	0.05	saccade	n/a	393.7	249.7	n/a	124.0	296.4	9.53	330.0
51.056	0.124	fixation	n/a	131.8	297.6	3463.0	n/a	n/a	n/a	n/a
51.17	0.0	trigger_11	11	n/a	n/a	n/a	n/a	n/a	n/a	n/a
51.182	0.04	saccade	n/a	134.8	296.1	n/a	235.1	201.1	4.83	192.0
51.224	0.212	fixation	n/a	251.7	200.1	3427.0	n/a	n/a	n/a	n/a
51.232	0.0	trigger_10	10	n/a	n/a	n/a	n/a	n/a	n/a	n/a
51.438	0.024	saccade	n/a	246.6	200.4	n/a	200.6	186.6	1.67	80.0
51.464	0.142	fixation	n/a	192.0	185.7	3461.0	n/a	n/a	n/a	n/a
51.608	0.03	saccade	n/a	193.7	188.4	n/a	284.0	240.2	3.65	173.0
51.64	0.138	fixation	n/a	294.3	242.7	3469.0	n/a	n/a	n/a	n/a
51.78	0.026	saccade	n/a	297.3	240.6	n/a	376.9	246.4	2.83	144.0
51.808	0.138	fixation	n/a	387.9	250.4	3462.0	n/a	n/a	n/a	n/a
51.948	0.11	saccade	n/a	398.5	266.6	n/a	320.3	251.6	2.84	760.0
51.994	0.004	blink	n/a	n/a	n/a	n/a	n/a	n/a	n/a	n/a
52.06	0.278	fixation	n/a	313.7	230.0	3425.0	n/a	n/a	n/a	n/a
52.074	0.0	trigger_11	11	n/a	n/a	n/a	n/a	n/a	n/a	n/a
52.134	0.0	trigger_10	10	n/a	n/a	n/a	n/a	n/a	n/a	n/a
52.34	0.028	saccade	n/a	310.1	227.6	n/a	225.0	226.4	2.99	146.0
52.37	0.2	fixation	n/a	224.1	225.5	3381.0	n/a	n/a	n/a	n/a
52.572	0.022	saccade	n/a	223.5	229.1	n/a	185.6	231.9	1.32	82.0
52.596	0.122	fixation	n/a	185.1	236.0	3386.0	n/a	n/a	n/a	n/a
52.72	0.032	saccade	n/a	189.1	236.5	n/a	297.7	246.0	3.83	172.0
52.754	0.43	fixation	n/a	309.2	245.9	3500.0	n/a	n/a	n/a	n/a
52.924	0.0	trigger_11	11	n/a	n/a	n/a	n/a	n/a	n/a	n/a
52.986	0.0	trigger_12	12	n/a	n/a	n/a	n/a	n/a	n/a	n/a
53.186	0.024	saccade	n/a	303.6	248.0	n/a	254.3	245.1	1.74	94.0
53.212	0.146	fixation	n/a	254.6	244.8	3544.0	n/a	n/a	n/a	n/a
53.36	0.038	saccade	n/a	261.3	247.3	n/a	403.9	256.1	5.09	201.0
53.4	0.322	fixation	n/a	404.9	254.5	3546.0	n/a	n/a	n/a	n/a
53.724	0.022	saccade	n/a	401.1	253.8	n/a	363.8	240.7	1.42	80.0
53.748	0.046	fixation	n/a	364.2	236.0	3478.0	n/a	n/a	n/a	n/a
53.796	0.044	saccade	n/a	370.8	237.1	n/a	536.3	186.7	6.23	209.0
53.842	0.196	fixation	n/a	536.8	187.9	3391.0	n/a	n/a	n/a	n/a
54.04	0.022	saccade	n/a	539.0	185.4	n/a	571.1	175.1	1.22	67.0
54.064	0.152	fixation	n/a	580.4	173.2	3352.0	n/a	n/a	n/a	n/a
54.218	0.048	saccade	n/a	580.3	173.6	n/a	359.8	250.9	8.45	308.0
54.268	0.256	fixation	n/a	362.1	253.4	3420.0	n/a	n/a	n/a	n/a
54.526	0.028	saccade	n/a	359.8	257.5	n/a	271.7	248.0	3.17	162.0
54.556	0.176	fixation	n/a	267.0	243.8	3461.0	n/a	n/a	n/a	n/a
54.734	0.028	saccade	n/a	257.8	240.3	n/a	170.2	220.4	3.16	167.0
54.764	0.186	fixation	n/a	166.6	219.4	3473.0	n/a	n/a	n/a	n/a
54.952	0.056	saccade	n/a	166.5	217.6	n/a	470.4	257.9	10.9	347.0
55.01	0.226	fixation	n/a	482.8	241.7	3272.0	n/a	n/a	n/a	n/a
55.238	0.026	saccade	n/a	493.4	222.9	n/a	424.7	217.9	2.51	137.0
55.266	0.028	fixation	n/a	422.0	198.5	3122.0	n/a	n/a	n/a	n/a
55.296	0.44	saccade	n/a	422.2	173.6	n/a	246.2	269.9	7.27	242.0
55.738	0.026	fixation	n/a	246.3	279.8	3173.0	n/a	n/a	n/a	n/a
55.766	0.044	saccade	n/a	253.1	286.0	n/a	429.2	310.9	6.4	234.0
55.812	0.29	fixation	n/a	433.9	308.3	3269.0	n/a	n/a	n/a	n/a
55.956	0.0	trigger_13	13	n/a	n/a	n/a	n/a	n/a	n/a	n/a
56.014	0.0	trigger_10	10	n/a	n/a	n/a	n/a	n/a	n/a	n/a
56.104	0.048	saccade	n/a	433.9	307.8	n/a	275.9	202.1	6.87	246.0
56.154	0.136	fixation	n/a	280.3	210.6	3309.0	n/a	n/a	n/a	n/a
56.292	0.026	saccade	n/a	278.3	218.2	n/a	216.4	185.5	2.49	130.0
56.32	0.132	fixation	n/a	216.6	180.2	3312.0	n/a	n/a	n/a	n/a
56.454	0.022	saccade	n/a	215.8	192.7	n/a	187.8	229.6	1.65	85.0
56.478	0.272	fixation	n/a	183.2	241.7	3451.0	n/a	n/a	n/a	n/a
56.752	0.03	saccade	n/a	181.8	239.7	n/a	263.9	242.9	2.86	125.0
56.784	0.366	fixation	n/a	273.9	242.5	3443.0	n/a	n/a	n/a	n/a
56.932	0.0	trigger_11	11	n/a	n/a	n/a	n/a	n/a	n/a	n/a
56.996	0.0	trigger_10	10	n/a	n/a	n/a	n/a	n/a	n/a	n/a
57.152	0.024	saccade	n/a	273.7	239.8	n/a	252.2	199.3	1.65	87.0
57.178	0.128	fixation	n/a	253.0	195.4	3412.0	n/a	n/a	n/a	n/a
57.308	0.026	saccade	n/a	250.6	195.6	n/a	182.1	182.6	2.43	129.0
57.336	0.176	fixation	n/a	175.3	179.4	3403.0	n/a	n/a	n/a	n/a
57.514	0.04	saccade	n/a	179.8	181.1	n/a	326.7	186.5	5.14	167.0
57.556	0.454	fixation	n/a	335.0	189.5	3374.0	n/a	n/a	n/a	n/a
57.788	0.0	trigger_11	11	n/a	n/a	n/a	n/a	n/a	n/a	n/a
57.848	0.0	trigger_10	10	n/a	n/a	n/a	n/a	n/a	n/a	n/a
58.012	0.036	saccade	n/a	333.3	190.5	n/a	196.4	189.9	4.8	196.0
58.05	0.134	fixation	n/a	189.6	186.9	3389.0	n/a	n/a	n/a	n/a
58.186	0.048	saccade	n/a	189.6	186.3	n/a	405.1	191.6	7.59	258.0
58.236	0.282	fixation	n/a	411.0	190.0	3396.0	n/a	n/a	n/a	n/a
58.52	0.054	saccade	n/a	418.3	201.2	n/a	135.4	231.0	9.93	298.0
58.576	0.166	fixation	n/a	136.3	232.4	3453.0	n/a	n/a	n/a	n/a
58.744	0.038	saccade	n/a	138.4	233.2	n/a	271.0	191.9	4.83	170.0
58.772	0.0	trigger_11	11	n/a	n/a	n/a	n/a	n/a	n/a	n/a
58.784	0.27	fixation	n/a	286.3	190.2	3447.0	n/a	n/a	n/a	n/a
58.83	0.0	trigger_10	10	n/a	n/a	n/a	n/a	n/a	n/a	n/a
59.056	0.026	saccade	n/a	285.0	188.9	n/a	224.1	184.8	2.14	108.0
59.084	0.116	fixation	n/a	219.5	188.5	3468.0	n/a	n/a	n/a	n/a
59.202	0.02	saccade	n/a	220.2	191.4	n/a	219.0	222.8	1.12	70.0
59.224	0.138	fixation	n/a	216.1	227.2	3463.0	n/a	n/a	n/a	n/a
59.364	0.028	saccade	n/a	216.3	230.1	n/a	134.8	228.6	2.8	145.0
59.394	0.28	fixation	n/a	135.2	232.8	3508.0	n/a	n/a	n/a	n/a
59.676	0.026	saccade	n/a	138.7	230.5	n/a	220.1	233.1	2.8	133.0
59.704	0.41	fixation	n/a	239.3	237.4	3437.0	n/a	n/a	n/a	n/a
59.82	0.0	trigger_11	11	n/a	n/a	n/a	n/a	n/a	n/a	n/a
59.884	0.0	trigger_12	12	n/a	n/a	n/a	n/a	n/a	n/a	n/a
60.116	0.064	saccade	n/a	248.1	241.0	n/a	469.0	254.1	7.86	196.0
60.182	0.182	fixation	n/a	468.2	250.0	3389.0	n/a	n/a	n/a	n/a
60.366	0.02	saccade	n/a	465.2	249.8	n/a	431.1	246.5	1.23	78.0
60.388	0.086	fixation	n/a	427.3	243.6	3367.0	n/a	n/a	n/a	n/a
60.476	0.036	saccade	n/a	430.4	243.7	n/a	555.3	241.3	4.47	162.0
60.514	0.166	fixation	n/a	561.8	242.3	3326.0	n/a	n/a	n/a	n/a
60.682	0.052	saccade	n/a	560.2	245.1	n/a	300.6	233.4	9.25	294.0
60.736	0.248	fixation	n/a	306.7	233.6	3322.0	n/a	n/a	n/a	n/a
60.772	0.0	trigger_13	13	n/a	n/a	n/a	n/a	n/a	n/a	n/a
60.826	0.0	trigger_10	10	n/a	n/a	n/a	n/a	n/a	n/a	n/a
60.986	0.028	saccade	n/a	305.0	234.9	n/a	219.3	210.3	3.13	155.0
61.016	0.152	fixation	n/a	217.2	206.2	3330.0	n/a	n/a	n/a	n/a
61.17	0.024	saccade	n/a	215.9	207.9	n/a	153.8	204.3	2.15	125.0
61.196	0.156	fixation	n/a	153.4	207.4	3353.0	n/a	n/a	n/a	n/a
61.354	0.06	saccade	n/a	154.8	207.7	n/a	548.5	185.4	13.84	397.0
61.416	0.204	fixation	n/a	551.6	184.5	3378.0	n/a	n/a	n/a	n/a
61.622	0.026	saccade	n/a	549.7	182.9	n/a	485.2	186.8	2.32	124.0
61.65	0.146	fixation	n/a	481.6	187.1	3336.0	n/a	n/a	n/a	n/a
61.798	0.06	saccade	n/a	482.3	187.1	n/a	133.1	189.2	12.19	347.0
61.86	0.262	fixation	n/a	151.6	192.6	3332.0	n/a	n/a	n/a	n/a
61.868	0.0	trigger_11	11	n/a	n/a	n/a	n/a	n/a	n/a	n/a
61.928	0.0	trigger_10	10	n/a	n/a	n/a	n/a	n/a	n/a	n/a
62.124	0.038	saccade	n/a	152.1	190.8	n/a	262.0	235.2	4.12	131.0
62.164	0.176	fixation	n/a	268.0	231.9	3394.0	n/a	n/a	n/a	n/a
62.342	0.022	saccade	n/a	269.5	230.7	n/a	252.8	195.4	1.4	82.0
62.366	0.194	fixation	n/a	259.1	190.6	3445.0	n/a	n/a	n/a	n/a
62.562	0.022	saccade	n/a	253.2	189.0	n/a	211.4	185.2	1.46	89.0
62.586	0.068	fixation	n/a	210.2	184.4	3435.0	n/a	n/a	n/a	n/a
62.656	0.052	saccade	n/a	211.3	183.5	n/a	470.9	188.3	9.16	285.0
62.71	0.286	fixation	n/a	471.8	187.7	3416.0	n/a	n/a	n/a	n/a
62.998	0.028	saccade	n/a	475.9	186.9	n/a	556.4	179.7	2.9	125.0
63.028	0.17	fixation	n/a	568.4	180.8	3383.0	n/a	n/a	n/a	n/a
63.2	0.024	saccade	n/a	573.3	176.1	n/a	619.5	173.4	1.65	85.0
63.226	0.042	fixation	n/a	623.6	175.2	3329.0	n/a	n/a	n/a	n/a
63.27	0.066	saccade	n/a	623.6	175.7	n/a	189.9	239.1	15.41	367.0
63.338	0.182	fixation	n/a	192.7	242.2	3408.0	n/a	n/a	n/a	n/a
63.522	0.026	saccade	n/a	199.3	245.7	n/a	274.6	246.0	2.63	139.0
63.55	0.196	fixation	n/a	290.2	243.9	3406.0	n/a	n/a	n/a	n/a
63.748	0.044	saccade	n/a	294.0	243.2	n/a	467.6	239.7	6.17	224.0
63.794	0.23	fixation	n/a	469.7	242.8	3326.0	n/a	n/a	n/a	n/a
64.026	0.026	saccade	n/a	473.0	240.2	n/a	532.7	240.7	2.14	103.0
64.054	0.144	fixation	n/a	537.0	242.2	3325.0	n/a	n/a	n/a	n/a
64.2	0.06	saccade	n/a	538.1	242.7	n/a	175.6	299.1	12.88	355.0
64.262	0.178	fixation	n/a	181.0	301.2	3363.0	n/a	n/a	n/a	n/a
64.442	0.032	saccade	n/a	183.2	300.6	n/a	207.1	199.9	3.7	161.0
64.476	0.402	fixation	n/a	242.4	189.3	3335.0	n/a	n/a	n/a	n/a
64.88	0.044	saccade	n/a	257.0	184.9	n/a	442.2	191.2	6.57	220.0
64.926	0.178	fixation	n/a	447.7	188.3	3358.0	n/a	n/a	n/a	n/a
65.106	0.034	saccade	n/a	450.4	184.5	n/a	548.2	178.5	3.51	128.0
65.142	0.25	fixation	n/a	558.9	182.0	3368.0	n/a	n/a	n/a	n/a
65.394	0.026	saccade	n/a	558.3	183.7	n/a	496.3	186.7	2.23	116.0
65.422	0.15	fixation	n/a	495.8	185.5	3298.0	n/a	n/a	n/a	n/a
65.574	0.038	saccade	n/a	496.7	183.4	n/a	351.8	197.4	5.21	234.0
65.614	0.264	fixation	n/a	356.2	198.5	3329.0	n/a	n/a	n/a	n/a
65.652	0.0	trigger_11	11	n/a	n/a	n/a	n/a	n/a	n/a	n/a
65.708	0.0	trigger_10	10	n/a	n/a	n/a	n/a	n/a	n/a	n/a
65.88	0.032	saccade	n/a	355.1	201.4	n/a	248.8	188.2	3.79	162.0
65.914	0.168	fixation	n/a	240.7	183.7	3433.0	n/a	n/a	n/a	n/a
66.084	0.024	saccade	n/a	238.1	186.5	n/a	232.2	238.3	1.87	114.0
66.11	0.186	fixation	n/a	231.3	236.1	3408.0	n/a	n/a	n/a	n/a
66.298	0.028	saccade	n/a	231.1	238.2	n/a	132.3	239.7	3.4	170.0
66.328	0.274	fixation	n/a	131.5	239.3	3446.0	n/a	n/a	n/a	n/a
66.604	0.034	saccade	n/a	136.7	240.1	n/a	227.7	200.5	3.44	125.0
66.64	0.3	fixation	n/a	252.8	183.4	3400.0	n/a	n/a	n/a	n/a
66.942	0.06	saccade	n/a	256.1	181.9	n/a	577.2	169.9	11.37	312.0
67.004	0.118	fixation	n/a	576.8	170.3	3440.0	n/a	n/a	n/a	n/a
67.124	0.052	saccade	n/a	577.6	170.0	n/a	299.9	196.1	9.89	333.0
67.132	0.0	trigger_11	11	n/a	n/a	n/a	n/a	n/a	n/a	n/a
67.178	0.188	fixation	n/a	302.8	197.1	3395.0	n/a	n/a	n/a	n/a
67.192	0.0	trigger_10	10	n/a	n/a	n/a	n/a	n/a	n/a	n/a
67.368	0.03	saccade	n/a	304.4	201.6	n/a	209.9	191.4	3.33	150.0
67.4	0.194	fixation	n/a	202.3	188.0	3354.0	n/a	n/a	n/a	n/a
67.596	0.028	saccade	n/a	204.1	185.0	n/a	266.0	183.9	2.16	90.0
67.626	0.172	fixation	n/a	278.4	183.6	3365.0	n/a	n/a	n/a	n/a
67.8	0.04	saccade	n/a	280.4	181.4	n/a	428.9	184.5	5.26	178.0
67.842	0.212	fixation	n/a	441.9	184.2	3334.0	n/a	n/a	n/a	n/a
68.056	0.026	saccade	n/a	445.0	184.3	n/a	496.2	182.7	1.84	87.0
68.084	0.166	fixation	n/a	507.6	183.7	3308.0	n/a	n/a	n/a	n/a
68.252	0.06	saccade	n/a	505.0	181.2	n/a	112.8	252.1	13.9	376.0
68.314	0.172	fixation	n/a	115.7	255.2	3356.0	n/a	n/a	n/a	n/a
68.488	0.066	saccade	n/a	116.3	256.5	n/a	407.4	553.6	14.5	352.0
68.556	0.298	fixation	n/a	417.0	545.0	3377.0	n/a	n/a	n/a	n/a
68.856	0.028	saccade	n/a	428.2	536.4	n/a	507.0	539.5	2.77	128.0
68.886	0.176	fixation	n/a	517.6	536.6	3268.0	n/a	n/a	n/a	n/a
69.064	0.06	saccade	n/a	518.2	536.2	n/a	419.3	177.6	13.26	372.0
69.126	0.194	fixation	n/a	428.0	178.1	3064.0	n/a	n/a	n/a	n/a
69.322	0.038	saccade	n/a	427.3	182.3	n/a	279.8	177.6	5.24	232.0
69.362	0.394	fixation	n/a	280.1	180.2	3155.0	n/a	n/a	n/a	n/a
69.468	0.0	trigger_11	11	n/a	n/a	n/a	n/a	n/a	n/a	n/a
69.528	0.0	trigger_12	12	n/a	n/a	n/a	n/a	n/a	n/a	n/a
69.758	0.03	saccade	n/a	282.9	181.2	n/a	377.4	185.3	3.35	152.0
69.79	0.208	fixation	n/a	385.7	187.0	3323.0	n/a	n/a	n/a	n/a
70.0	0.024	saccade	n/a	386.9	190.9	n/a	372.1	244.2	2.01	113.0
70.026	0.132	fixation	n/a	368.2	241.8	3335.0	n/a	n/a	n/a	n/a
70.16	0.028	saccade	n/a	371.4	238.8	n/a	446.5	244.0	2.69	119.0
70.19	0.52	fixation	n/a	452.1	245.8	3348.0	n/a	n/a	n/a	n/a
70.524	0.0	trigger_13	13	n/a	n/a	n/a	n/a	n/a	n/a	n/a
70.58	0.0	trigger_10	10	n/a	n/a	n/a	n/a	n/a	n/a	n/a
70.712	0.038	saccade	n/a	450.8	247.9	n/a	289.8	192.7	6.08	249.0
70.752	0.174	fixation	n/a	285.8	194.6	3352.0	n/a	n/a	n/a	n/a
70.928	0.06	saccade	n/a	289.4	194.6	n/a	539.7	187.3	8.93	185.0
70.99	0.202	fixation	n/a	548.0	186.5	3317.0	n/a	n/a	n/a	n/a
71.194	0.064	saccade	n/a	547.7	185.8	n/a	119.7	239.7	15.04	398.0
71.26	0.16	fixation	n/a	122.8	239.3	3359.0	n/a	n/a	n/a	n/a
71.388	0.0	trigger_11	11	n/a	n/a	n/a	n/a	n/a	n/a	n/a
71.422	0.04	saccade	n/a	124.3	240.1	n/a	282.4	205.4	5.61	195.0
71.452	0.0	trigger_10	10	n/a	n/a	n/a	n/a	n/a	n/a	n/a
71.464	0.208	fixation	n/a	295.9	203.1	3347.0	n/a	n/a	n/a	n/a
71.674	0.03	saccade	n/a	293.4	199.4	n/a	383.3	238.7	3.48	170.0
71.706	0.166	fixation	n/a	390.7	247.3	3390.0	n/a	n/a	n/a	n/a
71.874	0.026	saccade	n/a	393.1	249.8	n/a	410.0	192.2	2.18	120.0
71.902	0.158	fixation	n/a	425.7	191.3	3393.0	n/a	n/a	n/a	n/a
72.062	0.032	saccade	n/a	421.8	195.4	n/a	312.2	189.9	3.91	187.0
72.096	0.126	fixation	n/a	314.1	184.7	3394.0	n/a	n/a	n/a	n/a
72.224	0.028	saccade	n/a	314.0	185.0	n/a	229.2	176.1	2.99	150.0
72.254	0.218	fixation	n/a	227.4	175.6	3385.0	n/a	n/a	n/a	n/a
72.474	0.028	saccade	n/a	225.3	176.5	n/a	150.4	230.3	3.21	166.0
72.504	0.286	fixation	n/a	150.8	234.3	3512.0	n/a	n/a	n/a	n/a
72.792	0.03	saccade	n/a	154.6	235.9	n/a	245.9	240.8	3.16	142.0
72.824	0.238	fixation	n/a	254.3	238.0	3517.0	n/a	n/a	n/a	n/a
73.064	0.028	saccade	n/a	260.7	238.2	n/a	307.1	202.0	2.09	90.0
73.094	0.344	fixation	n/a	321.9	200.2	3504.0	n/a	n/a	n/a	n/a
73.148	0.0	trigger_11	11	n/a	n/a	n/a	n/a	n/a	n/a	n/a
73.206	0.0	trigger_10	10	n/a	n/a	n/a	n/a	n/a	n/a	n/a
73.44	0.064	saccade	n/a	323.1	202.7	n/a	216.2	248.8	4.1	175.0
73.506	0.26	fixation	n/a	217.6	251.8	3518.0	n/a	n/a	n/a	n/a
73.768	0.026	saccade	n/a	224.7	249.8	n/a	289.9	251.3	2.28	108.0
73.796	0.214	fixation	n/a	306.3	253.2	3481.0	n/a	n/a	n/a	n/a
74.012	0.024	saccade	n/a	304.3	249.7	n/a	247.9	241.4	2.0	110.0
74.038	0.178	fixation	n/a	244.9	239.5	3453.0	n/a	n/a	n/a	n/a
74.218	0.028	saccade	n/a	248.7	237.2	n/a	308.4	221.7	2.17	98.0
74.248	0.376	fixation	n/a	322.5	218.7	3527.0	n/a	n/a	n/a	n/a
74.388	0.0	trigger_11	11	n/a	n/a	n/a	n/a	n/a	n/a	n/a
74.45	0.0	trigger_10	10	n/a	n/a	n/a	n/a	n/a	n/a	n/a
74.626	0.026	saccade	n/a	317.1	219.9	n/a	235.6	242.9	2.98	146.0
74.654	0.168	fixation	n/a	229.1	246.5	3547.0	n/a	n/a	n/a	n/a
74.824	0.052	saccade	n/a	233.0	247.3	n/a	472.2	253.8	8.46	264.0
74.878	0.248	fixation	n/a	475.4	251.2	3410.0	n/a	n/a	n/a	n/a
75.128	0.024	saccade	n/a	479.0	248.1	n/a	527.9	246.2	1.75	103.0
75.154	0.202	fixation	n/a	533.6	243.7	3322.0	n/a	n/a	n/a	n/a
75.358	0.026	saccade	n/a	532.8	238.3	n/a	539.6	174.1	2.35	122.0
75.386	0.13	fixation	n/a	549.7	169.6	3276.0	n/a	n/a	n/a	n/a
75.518	0.06	saccade	n/a	549.3	171.1	n/a	180.4	230.3	13.14	366.0
75.58	0.212	fixation	n/a	184.6	235.1	3349.0	n/a	n/a	n/a	n/a
75.794	0.02	saccade	n/a	182.9	236.9	n/a	148.1	240.8	1.2	83.0
75.816	0.112	fixation	n/a	146.4	240.1	3430.0	n/a	n/a	n/a	n/a
75.93	0.046	saccade	n/a	147.9	241.8	n/a	348.9	207.4	7.12	211.0
75.978	0.208	fixation	n/a	360.8	202.9	3432.0	n/a	n/a	n/a	n/a
76.188	0.034	saccade	n/a	357.7	198.6	n/a	223.4	186.6	4.75	221.0
76.224	0.284	fixation	n/a	223.2	184.1	3405.0	n/a	n/a	n/a	n/a
76.51	0.026	saccade	n/a	223.1	184.9	n/a	142.4	180.7	2.79	150.0
76.538	0.26	fixation	n/a	135.8	178.3	3477.0	n/a	n/a	n/a	n/a
76.8	0.06	saccade	n/a	135.2	173.9	n/a	460.0	187.7	11.35	288.0
76.862	0.166	fixation	n/a	462.5	188.7	3451.0	n/a	n/a	n/a	n/a
77.03	0.14	saccade	n/a	468.7	202.8	n/a	290.1	271.3	6.81	868.0
77.068	0.044	blink	n/a	n/a	n/a	n/a	n/a	n/a	n/a	n/a
77.172	0.284	fixation	n/a	281.9	257.5	3448.0	n/a	n/a	n/a	n/a
77.222	0.0	trigger_11	11	n/a	n/a	n/a	n/a	n/a	n/a	n/a
77.276	0.0	trigger_10	10	n/a	n/a	n/a	n/a	n/a	n/a	n/a
77.458	0.026	saccade	n/a	278.4	256.9	n/a	230.4	222.9	2.08	105.0
77.486	0.17	fixation	n/a	230.3	219.4	3362.0	n/a	n/a	n/a	n/a
77.658	0.026	saccade	n/a	230.3	222.0	n/a	155.9	243.5	2.69	143.0
77.686	0.22	fixation	n/a	154.7	248.5	3369.0	n/a	n/a	n/a	n/a
77.908	0.026	saccade	n/a	157.6	244.7	n/a	228.3	213.8	2.68	126.0
77.936	0.258	fixation	n/a	257.8	201.4	3396.0	n/a	n/a	n/a	n/a
77.956	0.0	trigger_11	11	n/a	n/a	n/a	n/a	n/a	n/a	n/a
78.018	0.0	trigger_10	10	n/a	n/a	n/a	n/a	n/a	n/a	n/a
78.196	0.024	saccade	n/a	257.4	200.9	n/a	203.0	198.0	1.9	114.0
78.222	0.142	fixation	n/a	202.7	199.1	3441.0	n/a	n/a	n/a	n/a
78.366	0.02	saccade	n/a	200.9	200.0	n/a	179.6	222.5	1.09	67.0
78.388	0.176	fixation	n/a	175.8	227.2	3487.0	n/a	n/a	n/a	n/a
78.566	0.026	saccade	n/a	180.4	229.1	n/a	246.5	244.8	2.36	120.0
78.594	0.398	fixation	n/a	254.4	246.9	3491.0	n/a	n/a	n/a	n/a
78.766	0.0	trigger_11	11	n/a	n/a	n/a	n/a	n/a	n/a	n/a
78.82	0.0	trigger_10	10	n/a	n/a	n/a	n/a	n/a	n/a	n/a
78.994	0.026	saccade	n/a	251.8	249.8	n/a	186.5	245.8	2.28	120.0
79.022	0.11	fixation	n/a	178.0	245.1	3473.0	n/a	n/a	n/a	n/a
79.134	0.044	saccade	n/a	179.7	244.5	n/a	365.2	262.6	6.54	216.0
79.18	0.194	fixation	n/a	369.4	259.9	3433.0	n/a	n/a	n/a	n/a
79.376	0.034	saccade	n/a	369.4	259.6	n/a	257.9	239.0	4.01	186.0
79.412	0.354	fixation	n/a	264.4	239.6	3431.0	n/a	n/a	n/a	n/a
79.48	0.0	trigger_11	11	n/a	n/a	n/a	n/a	n/a	n/a	n/a
79.542	0.0	trigger_10	10	n/a	n/a	n/a	n/a	n/a	n/a	n/a
79.768	0.022	saccade	n/a	263.0	237.9	n/a	214.9	240.6	1.68	106.0
79.792	0.112	fixation	n/a	211.2	242.4	3444.0	n/a	n/a	n/a	n/a
79.906	0.026	saccade	n/a	209.0	242.0	n/a	163.0	196.6	2.26	124.0
79.934	0.066	fixation	n/a	164.3	190.7	3449.0	n/a	n/a	n/a	n/a
80.002	0.062	saccade	n/a	166.9	190.9	n/a	557.2	191.8	13.67	376.0
80.066	0.214	fixation	n/a	557.0	190.6	3421.0	n/a	n/a	n/a	n/a
80.282	0.062	saccade	n/a	554.3	189.4	n/a	139.5	249.2	14.64	390.0
80.346	0.376	fixation	n/a	142.5	250.6	3443.0	n/a	n/a	n/a	n/a
80.494	0.0	trigger_11	11	n/a	n/a	n/a	n/a	n/a	n/a	n/a
80.554	0.0	trigger_10	10	n/a	n/a	n/a	n/a	n/a	n/a	n/a
80.724	0.038	saccade	n/a	145.8	252.5	n/a	274.3	244.8	4.45	182.0
80.764	0.132	fixation	n/a	277.3	243.0	3473.0	n/a	n/a	n/a	n/a
80.898	0.048	saccade	n/a	277.2	241.2	n/a	493.3	187.3	7.91	240.0
80.948	0.168	fixation	n/a	499.8	187.8	3420.0	n/a	n/a	n/a	n/a
81.118	0.028	saccade	n/a	503.1	187.0	n/a	579.8	181.9	2.76	128.0
81.148	0.106	fixation	n/a	590.8	178.4	3411.0	n/a	n/a	n/a	n/a
81.256	0.058	saccade	n/a	591.3	179.4	n/a	228.7	174.8	12.81	369.0
81.316	0.23	fixation	n/a	235.0	178.1	3397.0	n/a	n/a	n/a	n/a
81.548	0.028	saccade	n/a	235.5	181.6	n/a	150.4	175.2	2.94	144.0
81.578	0.168	fixation	n/a	143.6	174.4	3442.0	n/a	n/a	n/a	n/a
81.748	0.026	saccade	n/a	142.6	178.9	n/a	141.6	247.6	2.44	148.0
81.776	0.158	fixation	n/a	142.9	249.3	3464.0	n/a	n/a	n/a	n/a
81.936	0.052	saccade	n/a	141.9	248.9	n/a	404.0	261.9	9.16	288.0
81.99	0.35	fixation	n/a	409.1	257.9	3438.0	n/a	n/a	n/a	n/a
82.342	0.04	saccade	n/a	409.7	255.5	n/a	266.3	202.9	5.42	178.0
82.384	0.238	fixation	n/a	269.3	198.4	3377.0	n/a	n/a	n/a	n/a
82.39	0.0	trigger_11	11	n/a	n/a	n/a	n/a	n/a	n/a	n/a
82.45	0.0	trigger_10	10	n/a	n/a	n/a	n/a	n/a	n/a	n/a
82.624	0.026	saccade	n/a	270.6	199.9	n/a	200.9	192.3	2.44	127.0
82.652	0.192	fixation	n/a	196.8	191.4	3390.0	n/a	n/a	n/a	n/a
82.846	0.046	saccade	n/a	197.4	191.9	n/a	399.5	258.2	7.51	284.0
82.894	0.198	fixation	n/a	400.3	252.2	3434.0	n/a	n/a	n/a	n/a
83.094	0.032	saccade	n/a	402.9	248.5	n/a	506.7	244.4	3.71	146.0
83.128	0.252	fixation	n/a	515.7	247.7	3431.0	n/a	n/a	n/a	n/a
83.382	0.024	saccade	n/a	517.3	251.8	n/a	573.2	252.0	2.0	105.0
83.408	0.152	fixation	n/a	579.4	250.7	3362.0	n/a	n/a	n/a	n/a
83.562	0.052	saccade	n/a	581.1	249.4	n/a	330.6	210.0	9.04	284.0
83.616	0.248	fixation	n/a	335.7	210.1	3320.0	n/a	n/a	n/a	n/a
83.646	0.0	trigger_11	11	n/a	n/a	n/a	n/a	n/a	n/a	n/a
83.702	0.0	trigger_10	10	n/a	n/a	n/a	n/a	n/a	n/a	n/a
83.866	0.028	saccade	n/a	336.3	208.1	n/a	242.1	221.9	3.35	168.0
83.896	0.178	fixation	n/a	235.8	229.2	3380.0	n/a	n/a	n/a	n/a
84.076	0.022	saccade	n/a	230.8	230.5	n/a	185.6	244.8	1.65	97.0
84.1	0.288	fixation	n/a	179.9	245.6	3449.0	n/a	n/a	n/a	n/a
84.39	0.03	saccade	n/a	183.2	245.4	n/a	270.9	247.5	3.06	131.0
84.422	0.604	fixation	n/a	288.3	247.0	3424.0	n/a	n/a	n/a	n/a
84.806	0.0	trigger_11	11	n/a	n/a	n/a	n/a	n/a	n/a	n/a
84.866	0.0	trigger_12	12	n/a	n/a	n/a	n/a	n/a	n/a	n/a
85.028	0.028	saccade	n/a	290.0	249.2	n/a	221.4	242.2	2.42	112.0
85.058	0.192	fixation	n/a	218.8	242.6	3493.0	n/a	n/a	n/a	n/a
85.252	0.082	saccade	n/a	232.5	257.5	n/a	331.4	276.4	3.54	548.0
85.336	0.09	fixation	n/a	326.7	264.7	3422.0	n/a	n/a	n/a	n/a
85.428	0.182	saccade	n/a	329.2	264.5	n/a	270.5	262.3	2.07	908.0
85.466	0.084	blink	n/a	n/a	n/a	n/a	n/a	n/a	n/a	n/a
85.612	0.278	fixation	n/a	267.5	254.5	3320.0	n/a	n/a	n/a	n/a
85.654	0.0	trigger_13	13	n/a	n/a	n/a	n/a	n/a	n/a	n/a
85.718	0.0	trigger_10	10	n/a	n/a	n/a	n/a	n/a	n/a	n/a
85.892	0.016	saccade	n/a	261.0	253.2	n/a	239.5	247.3	0.78	56.0
85.91	0.158	fixation	n/a	241.3	247.4	3243.0	n/a	n/a	n/a	n/a
86.07	0.028	saccade	n/a	244.2	250.3	n/a	150.0	244.4	3.27	157.0
86.1	0.17	fixation	n/a	140.2	238.4	3230.0	n/a	n/a	n/a	n/a
86.272	0.052	saccade	n/a	139.9	234.6	n/a	388.5	194.9	8.76	240.0
86.326	0.278	fixation	n/a	393.9	193.9	3267.0	n/a	n/a	n/a	n/a
86.606	0.028	saccade	n/a	396.3	196.9	n/a	467.4	190.1	2.56	123.0
86.636	0.158	fixation	n/a	477.3	189.0	3244.0	n/a	n/a	n/a	n/a
86.796	0.02	saccade	n/a	482.3	186.9	n/a	520.6	183.0	1.38	87.0
86.818	0.114	fixation	n/a	530.1	180.6	3216.0	n/a	n/a	n/a	n/a
86.934	0.052	saccade	n/a	532.3	186.7	n/a	255.2	183.4	9.83	323.0
86.988	0.134	fixation	n/a	257.4	183.6	3240.0	n/a	n/a	n/a	n/a
87.124	0.034	saccade	n/a	257.8	183.1	n/a	146.7	241.2	4.38	207.0
87.16	0.31	fixation	n/a	148.5	241.4	3349.0	n/a	n/a	n/a	n/a
87.19	0.0	trigger_11	11	n/a	n/a	n/a	n/a	n/a	n/a	n/a
87.252	0.0	trigger_10	10	n/a	n/a	n/a	n/a	n/a	n/a	n/a
87.472	0.052	saccade	n/a	151.7	244.4	n/a	359.8	224.0	7.3	211.0
87.526	0.142	fixation	n/a	362.7	223.0	3350.0	n/a	n/a	n/a	n/a
87.67	0.028	saccade	n/a	361.6	222.3	n/a	285.6	239.8	2.76	142.0
87.7	0.19	fixation	n/a	284.2	239.3	3356.0	n/a	n/a	n/a	n/a
87.892	0.038	saccade	n/a	288.0	241.2	n/a	407.4	256.4	4.27	143.0
87.932	0.216	fixation	n/a	410.4	257.9	3361.0	n/a	n/a	n/a	n/a
88.15	0.022	saccade	n/a	407.4	259.6	n/a	362.5	252.5	1.62	98.0
88.174	0.4	fixation	n/a	359.0	246.8	3301.0	n/a	n/a	n/a	n/a
88.27	0.0	trigger_11	11	n/a	n/a	n/a	n/a	n/a	n/a	n/a
88.322	0.0	trigger_21	21	n/a	n/a	n/a	n/a	n/a	n/a	n/a
88.576	0.136	saccade	n/a	361.5	252.6	n/a	345.7	249.6	0.57	851.0
88.63	0.032	blink	n/a	n/a	n/a	n/a	n/a	n/a	n/a	n/a
88.714	0.102	fixation	n/a	344.2	226.1	3200.0	n/a	n/a	n/a	n/a
