filename	acq_time
eeg/sub-YFS_task-nr_run-1_eeg.vhdr	n/a
eeg/sub-YFS_task-nr_run-2_eeg.vhdr	n/a
eeg/sub-YFS_task-nr_run-3_eeg.vhdr	n/a
eeg/sub-YFS_task-nr_run-4_eeg.vhdr	n/a
eeg/sub-YFS_task-nr_run-5_eeg.vhdr	n/a
eeg/sub-YFS_task-nr_run-6_eeg.vhdr	n/a
eeg/sub-YFS_task-nr_run-7_eeg.vhdr	n/a
eeg/sub-YFS_task-tsr_run-1_eeg.vhdr	n/a
eeg/sub-YFS_task-tsr_run-2_eeg.vhdr	n/a
eeg/sub-YFS_task-tsr_run-3_eeg.vhdr	n/a
eeg/sub-YFS_task-tsr_run-4_eeg.vhdr	n/a
eeg/sub-YFS_task-tsr_run-5_eeg.vhdr	n/a
eeg/sub-YFS_task-tsr_run-6_eeg.vhdr	n/a
eeg/sub-YFS_task-tsr_run-7_eeg.vhdr	n/a
